{"cameraMode":{"drawMode":0,"name":"Shaded","section":"Shading Mode"},"sceneLighting":true,"audioPlay":false,"sceneViewState":{"m_AlwaysRefresh":false,"showFog":true,"showSkybox":true,"showFlares":true,"showImageEffects":true,"showParticleSystems":true,"showVisualEffectGraphs":true,"m_FxEnabled":true},"in2DMode":false,"pivot":{"x":1.4119999408721924,"y":1.00600004196167,"z":1.8599998950958253},"rotation":{"x":-0.36236390471458437,"y":-0.0022398224100470545,"z":0.0008671616087667644,"w":-0.9320194721221924},"size":1.2247450351715088,"orthographic":false}