{"cameraMode":{"drawMode":0,"name":"Shaded","section":"Shading Mode"},"sceneLighting":true,"audioPlay":false,"sceneViewState":{"m_AlwaysRefresh":false,"showFog":true,"showSkybox":true,"showFlares":true,"showImageEffects":true,"showParticleSystems":true,"showVisualEffectGraphs":true,"m_FxEnabled":true},"in2DMode":false,"pivot":{"x":6.249170780181885,"y":0.8499747514724731,"z":-0.28508150577545168},"rotation":{"x":-0.006549471523612738,"y":0.9931708574295044,"z":-0.092942975461483,"w":-0.07014957815408707},"size":3.525575876235962,"orthographic":false}